<Customization level="1" description="Blanket Sales Orders 1/27/2018 3:29:05 PM" product-version="17.205">
    <File AppRelativePath="Bin\PX.Objects.Delta.dll" />
    <Sql TableName="SOOrderTypeDAExtension" TableSchemaXml="#CDATA">
        <CDATA name="TableSchemaXml"><![CDATA[<table name="SOOrderTypeDAExtension">
  <col name="CompanyID" type="Int" default="Zero" />
  <col name="OrderType" type="Char(2)" />
  <col name="DAIsBlanketOrder" type="Bit" nullable="true" />
  <index name="SOOrderTypeDAExtension_PK" clustered="true" primary="true" unique="true">
    <col name="CompanyID" />
    <col name="OrderType" />
  </index>
</table>]]></CDATA>
    </Sql>
</Customization>